USE GuildCars;
GO

IF EXISTS(SELECT * FROM INFORMATION_SCHEMA.ROUTINES
	WHERE ROUTINE_NAME = 'DbReset')
		DROP PROCEDURE DbReset;
GO

CREATE PROCEDURE DbReset AS
BEGIN
	
	
	DELETE FROM Purchases;
	DELETE FROM Vehicles;
	--DELETE FROM AspNetUserRoles WHERE UserId = '00000000-0000-0000-0000-000000000000'
	--							OR UserId = '11111111-1111-1111-1111-111111111111'
	--							OR UserId = '22222222-2222-2222-2222-222222222222';
	--DELETE FROM AspNetUsers WHERE id = '00000000-0000-0000-0000-000000000000'
	--							OR id = '11111111-1111-1111-1111-111111111111'
	--							OR id = '22222222-2222-2222-2222-222222222222';
	DELETE FROM Contacts;
	DELETE FROM Customers;
	DELETE FROM Addresses;
	DELETE FROM Employees;
	DELETE FROM Specials;
	DELETE FROM CarModels;
	DELETE FROM CarMakes;

	DBCC CHECKIDENT ('Purchases', RESEED, 1);
	DBCC CHECKIDENT ('Vehicles', RESEED, 1);
	DBCC CHECKIDENT ('Contacts', RESEED, 1);
	DBCC CHECKIDENT ('Customers', RESEED, 1);
	DBCC CHECKIDENT ('Addresses', RESEED, 1);
	DBCC CHECKIDENT ('Employees', RESEED, 1);
	DBCC CHECKIDENT ('Specials', RESEED, 1);
	DBCC CHECKIDENT ('CarModels', RESEED, 1);
	DBCC CHECKIDENT ('CarMakes', RESEED, 1);

	SET IDENTITY_INSERT CarMakes ON;

	INSERT INTO CarMakes (MakeId, [Name])
	VALUES (1, 'Acura'),
	(2, 'Aptera'),
	(3, 'Aston Martin'),
	(4, 'Audi'),
	(5, 'Bentley'),
	(6, 'BMW'),
	(7, 'Bugatti'),
	(8, 'Buick'),
	(9, 'Cadillac'),
	(10, 'Chevrolet'),
	(11, 'Chrysler'),
	(12, 'Corbin'),
	(13, 'Daewoo'),
	(14, 'Dodge'),
	(15, 'Ferrari'),
	(16, 'FIAT'),
	(17, 'Foose'),
	(18, 'Ford'),
	(19, 'GMC'),
	(20, 'Holden'),
	(21, 'Honda'),
	(22, 'HUMMER'),
	(23, 'Hyundai'),
	(24, 'Infiniti'),
	(25, 'Isuzu'),
	(26, 'Jaguar'),
	(27, 'Jeep'),
	(28, 'Kia'),
	(29, 'Lamborghini'),
	(30, 'Land Rover'),
	(31, 'Lexus'),
	(32, 'Lincoln'),
	(33, 'Lotus'),
	(34, 'Maserati'),
	(35, 'Maybach'),
	(36, 'Mazda'),
	(37, 'McLaren'),
	(38, 'Mercedes-Benz'),
	(39, 'Mercury'),
	(40, 'MINI'),
	(41, 'Mitsubishi'),
	(42, 'Morgan'),
	(43, 'Nissan'),
	(44, 'Oldsmobile'),
	(45, 'Panoz'),
	(46, 'Peugeot'),
	(47, 'Plymouth'),
	(48, 'Pontiac'),
	(49, 'Porsche'),
	(50, 'Ram'),
	(51, 'Rolls-Royce'),
	(52, 'Saab'),
	(53, 'Saturn'),
	(54, 'Scion'),
	(55, 'Smart'),
	(56, 'Spyker'),
	(57, 'Subaru'),
	(58, 'Suzuki'),
	(59, 'Tesla'),
	(60, 'Toyota'),
	(61, 'Volkswagen'),
	(62, 'Volvo');

	SET IDENTITY_INSERT CarMakes OFF;

	SET IDENTITY_INSERT CarModels ON;

	INSERT INTO CarModels (ModelId, MakeId, [Name])
	VALUES (1, 1, 'Integra'),
	(2, 1, 'NSX'),
	(3, 1, 'RL'),
	(4, 1, 'TL'),
	(5, 10, '2500'),
	(6, 10, '3500'),
	(7, 10, 'Astro'),
	(8, 10, 'Blazer'),
	(9, 10, 'Camaro'),
	(10, 10, 'Cavalier'),
	(11, 10, 'Corvette'),
	(12, 10, 'Express 1500'),
	(13, 10, 'Express 2500'),
	(14, 10, 'Express 3500'),
	(15, 10, 'Impala'),
	(16, 10, 'Lumina'),
	(17, 10, 'Malibu'),
	(18, 10, 'Metro'),
	(19, 10, 'Monte Carlo'),
	(20, 10, 'Prizm'),
	(21, 10, 'S10'),
	(22, 10, 'Silverado 1500'),
	(23, 10, 'Silverado 2500'),
	(24, 10, 'Suburban 1500'),
	(25, 10, 'Suburban 2500'),
	(26, 10, 'Tahoe'),
	(27, 10, 'Tracker'),
	(28, 10, 'Venture'),
	(29, 11, '300M'),
	(30, 11, 'Cirrus'),
	(31, 11, 'Concorde'),
	(32, 11, 'Grand Voyager'),
	(33, 11, 'LHS'),
	(34, 11, 'Sebring'),
	(35, 11, 'Town & Country'),
	(36, 11, 'Voyager'),
	(37, 13, 'Lanos'),
	(38, 13, 'Leganza'),
	(39, 13, 'Nubira'),
	(40, 14, 'Avenger'),
	(41, 14, 'Caravan'),
	(42, 14, 'Dakota'),
	(43, 14, 'Dakota Club'),
	(44, 14, 'Durango'),
	(45, 14, 'Grand Caravan'),
	(46, 14, 'Intrepid'),
	(47, 14, 'Neon'),
	(48, 14, 'Ram 1500'),
	(49, 14, 'Ram 1500 Club'),
	(50, 14, 'Ram 2500'),
	(51, 14, 'Ram 3500'),
	(52, 14, 'Ram Van 1500'),
	(53, 14, 'Ram Van 2500'),
	(54, 14, 'Ram Van 3500'),
	(55, 14, 'Stratus'),
	(56, 14, 'Viper'),
	(57, 18, 'Contour'),
	(58, 18, 'Crown Victoria'),
	(59, 18, 'Econoline E150'),
	(60, 18, 'Econoline E250'),
	(61, 18, 'Econoline E350'),
	(62, 18, 'Escape'),
	(63, 18, 'Escort'),
	(64, 18, 'Excursion'),
	(65, 18, 'Expedition'),
	(66, 18, 'Explorer'),
	(67, 18, 'Explorer Sport'),
	(68, 18, 'Explorer Sport Trac'),
	(69, 18, 'F150'),
	(70, 18, 'F250'),
	(71, 18, 'F350'),
	(72, 18, 'Focus'),
	(73, 18, 'Mustang'),
	(74, 18, 'Ranger'),
	(75, 18, 'Taurus'),
	(76, 18, 'Th!nk'),
	(77, 18, 'Windstar'),
	(78, 19, 'Envoy'),
	(79, 19, 'Jimmy'),
	(80, 19, 'Safari'),
	(81, 19, 'Savana 1500'),
	(82, 19, 'Savana 2500'),
	(83, 19, 'Savana 3500'),
	(84, 19, 'Sierra 1500'),
	(85, 19, 'Sierra 2500'),
	(86, 19, 'Sierra 3500'),
	(87, 19, 'Sonoma'),
	(88, 19, 'Yukon'),
	(89, 19, 'Yukon Denali'),
	(90, 19, 'Yukon XL 1500'),
	(91, 19, 'Yukon XL 2500'),
	(92, 21, 'Accord'),
	(93, 21, 'Civic'),
	(94, 21, 'CR-V'),
	(95, 21, 'Insight'),
	(96, 21, 'Odyssey'),
	(97, 21, 'Passport'),
	(98, 21, 'Prelude'),
	(99, 21, 'S2000'),
	(100, 22, 'H1'),
	(101, 23, 'Accent'),
	(102, 23, 'Elantra'),
	(103, 23, 'Sonata'),
	(104, 23, 'Tiburon'),
	(105, 24, 'G'),
	(106, 24, 'I'),
	(107, 24, 'Q'),
	(108, 24, 'QX'),
	(109, 25, 'Amigo'),
	(110, 25, 'Hombre'),
	(111, 25, 'Hombre Space'),
	(112, 25, 'Rodeo'),
	(113, 25, 'Trooper'),
	(114, 25, 'VehiCROSS'),
	(115, 26, 'S-Type'),
	(116, 26, 'XJ Series'),
	(117, 26, 'XK Series'),
	(118, 27, 'Cherokee'),
	(119, 27, 'Grand Cherokee'),
	(120, 27, 'Wrangler'),
	(121, 28, 'Sephia'),
	(122, 28, 'Spectra'),
	(123, 28, 'Sportage'),
	(124, 29, 'Diablo'),
	(125, 30, 'Discovery'),
	(126, 30, 'Discovery Series II'),
	(127, 30, 'Range Rover'),
	(128, 31, 'ES'),
	(129, 31, 'GS'),
	(130, 31, 'LS'),
	(131, 31, 'LX'),
	(132, 31, 'RX'),
	(133, 31, 'SC'),
	(134, 32, 'Continental'),
	(135, 32, 'Navigator'),
	(136, 32, 'Town Car'),
	(137, 33, 'Esprit'),
	(138, 36, '626'),
	(139, 36, 'B-Series'),
	(140, 36, 'B-Series Plus'),
	(141, 36, 'Miata MX-5'),
	(142, 36, 'Millenia'),
	(143, 36, 'MPV'),
	(144, 36, 'MX-5'),
	(145, 36, 'Protege'),
	(146, 38, 'C-Class'),
	(147, 38, 'CL-Class'),
	(148, 38, 'CLK-Class'),
	(149, 38, 'E-Class'),
	(150, 38, 'M-Class'),
	(151, 38, 'S-Class'),
	(152, 38, 'SL-Class'),
	(153, 38, 'SLK-Class'),
	(154, 39, 'Cougar'),
	(155, 39, 'Grand Marquis'),
	(156, 39, 'Mountaineer'),
	(157, 39, 'Mystique'),
	(158, 39, 'Sable'),
	(159, 39, 'Villager'),
	(160, 4, 'A4'),
	(161, 4, 'A6'),
	(162, 4, 'A8'),
	(163, 4, 'S4'),
	(164, 4, 'TT'),
	(165, 41, 'Challenger'),
	(166, 41, 'Diamante'),
	(167, 41, 'Eclipse'),
	(168, 41, 'Galant'),
	(169, 41, 'Mirage'),
	(170, 41, 'Montero'),
	(171, 41, 'Montero Sport'),
	(172, 41, 'Pajero'),
	(173, 43, 'Altima'),
	(174, 43, 'Frontier'),
	(175, 43, 'Maxima'),
	(176, 43, 'Pathfinder'),
	(177, 43, 'Quest'),
	(178, 43, 'Sentra'),
	(179, 43, 'Xterra'),
	(180, 44, 'Alero'),
	(181, 44, 'Bravada'),
	(182, 44, 'Intrigue'),
	(183, 44, 'Silhouette'),
	(184, 47, 'Breeze'),
	(185, 47, 'Prowler'),
	(186, 48, 'Bonneville'),
	(187, 48, 'Firebird'),
	(188, 48, 'Grand Am'),
	(189, 48, 'Grand Prix'),
	(190, 48, 'Montana'),
	(191, 48, 'Sunfire'),
	(192, 49, '911'),
	(193, 49, 'Boxster'),
	(194, 52, '9-3'),
	(195, 52, '9-5'),
	(196, 53, 'L-Series'),
	(197, 53, 'S-Series'),
	(198, 57, 'Forester'),
	(199, 57, 'Impreza'),
	(200, 57, 'Legacy'),
	(201, 57, 'Outback'),
	(202, 58, 'Esteem'),
	(203, 58, 'Grand Vitara'),
	(204, 58, 'Swift'),
	(205, 58, 'Vitara'),
	(206, 6, '3 Series'),
	(207, 6, '5 Series'),
	(208, 6, '7 Series'),
	(209, 6, 'M'),
	(210, 6, 'M5'),
	(211, 6, 'X5'),
	(212, 6, 'Z3'),
	(213, 6, 'Z8'),
	(214, 60, '4Runner'),
	(215, 60, 'Avalon'),
	(216, 60, 'Camry'),
	(217, 60, 'Celica'),
	(218, 60, 'Corolla'),
	(219, 60, 'Echo'),
	(220, 60, 'Ipsum'),
	(221, 60, 'Land Cruiser'),
	(222, 60, 'MR2'),
	(223, 60, 'RAV4'),
	(224, 60, 'Sienna'),
	(225, 60, 'Solara'),
	(226, 60, 'Tacoma'),
	(227, 60, 'Tacoma Xtra'),
	(228, 60, 'Tundra'),
	(229, 61, 'Cabriolet'),
	(230, 61, 'Eurovan'),
	(231, 61, 'Golf'),
	(232, 61, 'GTI'),
	(233, 61, 'Jetta'),
	(234, 61, 'New Beetle'),
	(235, 61, 'Passat'),
	(236, 61, 'rio'),
	(237, 62, 'C70'),
	(238, 62, 'S40'),
	(239, 62, 'S70'),
	(240, 62, 'S80'),
	(241, 62, 'V40'),
	(242, 62, 'V70'),
	(243, 8, 'Century'),
	(244, 8, 'LeSabre'),
	(245, 8, 'Park Avenue'),
	(246, 8, 'Regal'),
	(247, 9, 'Catera'),
	(248, 9, 'DeVille'),
	(249, 9, 'Eldorado'),
	(250, 9, 'Escalade'),
	(251, 9, 'Seville'),
	(252, 1, 'CL'),
	(253, 1, 'MDX'),
	(254, 10, 'Silverado'),
	(255, 10, 'Silverado 3500'),
	(256, 11, 'PT Cruiser'),
	(257, 18, 'E-Series'),
	(258, 18, 'Fiesta'),
	(259, 18, 'F-Series'),
	(260, 18, 'ZX2'),
	(261, 23, 'Santa Fe'),
	(262, 23, 'XG300'),
	(263, 25, 'Rodeo Sport'),
	(264, 28, 'Optima'),
	(265, 30, 'Freelander'),
	(266, 31, 'IS'),
	(267, 36, 'B2500'),
	(268, 36, 'Tribute'),
	(269, 4, 'Allroad'),
	(270, 4, 'S8'),
	(271, 41, 'Lancer'),
	(272, 44, 'Aurora'),
	(273, 48, 'Aztek'),
	(274, 58, 'XL-7'),
	(275, 6, '525'),
	(276, 6, '530'),
	(277, 6, 'M3'),
	(278, 60, 'Highlander'),
	(279, 60, 'Prius'),
	(280, 60, 'Sequoia'),
	(281, 62, 'S60'),
	(282, 1, 'RSX'),
	(283, 10, 'Avalanche'),
	(284, 10, 'Avalanche 1500'),
	(285, 10, 'Avalanche 2500'),
	(286, 10, 'Trailblazer'),
	(287, 18, 'Thunderbird'),
	(288, 19, 'Envoy XL'),
	(289, 21, 'Pilot'),
	(290, 23, 'XG350'),
	(291, 25, 'Axiom'),
	(292, 26, 'X-Type'),
	(293, 27, 'Liberty'),
	(294, 28, 'Sedona'),
	(295, 29, 'Murciélago'),
	(296, 32, 'Blackwood'),
	(297, 34, 'Spyder'),
	(298, 36, 'Protege5'),
	(299, 38, 'G-Class'),
	(300, 4, 'S6'),
	(301, 40, 'Cooper'),
	(302, 40, 'MINI'),
	(303, 41, 'Lancer Evolution'),
	(304, 53, 'VUE'),
	(305, 57, 'Outback Sport'),
	(306, 58, 'Aerio'),
	(307, 6, '745'),
	(308, 8, 'Rendezvous'),
	(309, 9, 'Escalade EXT'),
	(310, 10, 'SSR'),
	(311, 14, 'Ram'),
	(312, 18, 'E150'),
	(313, 18, 'E250'),
	(314, 18, 'E350'),
	(315, 18, 'Escort ZX2'),
	(316, 18, 'Freestar'),
	(317, 21, 'Civic GX'),
	(318, 21, 'Civic Si'),
	(319, 21, 'Element'),
	(320, 22, 'H2'),
	(321, 24, 'FX'),
	(322, 24, 'G35'),
	(323, 25, 'Ascender'),
	(324, 28, 'Sorento'),
	(325, 29, 'Gallardo'),
	(326, 31, 'GX'),
	(327, 32, 'Aviator'),
	(328, 35, '57'),
	(329, 35, '62'),
	(330, 36, 'Mazda6'),
	(331, 39, 'Marauder'),
	(332, 4, 'RS 6'),
	(333, 4, 'RS6'),
	(334, 41, 'Outlander'),
	(335, 43, '350Z'),
	(336, 43, 'Murano'),
	(337, 48, 'Vibe'),
	(338, 49, 'Cayenne'),
	(339, 53, 'Ion'),
	(340, 57, 'Baja'),
	(341, 6, '760'),
	(342, 6, 'Z4'),
	(343, 60, 'Matrix'),
	(344, 61, 'Touareg'),
	(345, 62, 'XC70'),
	(346, 62, 'XC90'),
	(347, 9, 'CTS'),
	(348, 9, 'Escalade ESV'),
	(349, 1, 'TSX'),
	(350, 10, 'Aveo'),
	(351, 10, 'Classic'),
	(352, 10, 'Colorado'),
	(353, 11, 'Crossfire'),
	(354, 11, 'Pacifica'),
	(355, 12, 'Sparrow'),
	(356, 19, 'Canyon'),
	(357, 19, 'Envoy XUV'),
	(358, 20, 'Monaro'),
	(359, 28, 'Amanti'),
	(360, 33, 'Elise'),
	(361, 33, 'Exige'),
	(362, 36, 'Mazda3'),
	(363, 36, 'RX-8'),
	(364, 39, 'Monterey'),
	(365, 41, 'Endeavor'),
	(366, 43, 'Pathfinder Armada'),
	(367, 43, 'Titan'),
	(368, 48, 'GTO'),
	(369, 49, 'Carrera GT'),
	(370, 54, 'xA'),
	(371, 54, 'xB'),
	(372, 56, 'C8 Laviolette'),
	(373, 56, 'C8 Spyder'),
	(374, 56, 'C8 Spyder Wide Body'),
	(375, 58, 'Daewoo Lacetti'),
	(376, 58, 'Daewoo Magnus'),
	(377, 58, 'Forenza'),
	(378, 58, 'Verona'),
	(379, 6, '325'),
	(380, 6, '545'),
	(381, 6, '645'),
	(382, 6, '6 Series'),
	(383, 6, 'X3'),
	(384, 61, 'Phaeton'),
	(385, 61, 'R32'),
	(386, 8, 'Rainier'),
	(387, 9, 'SRX'),
	(388, 9, 'XLR'),
	(389, 10, 'Cobalt'),
	(390, 10, 'Equinox'),
	(391, 10, 'Uplander'),
	(392, 11, '300'),
	(393, 11, '300C'),
	(394, 14, 'Magnum'),
	(395, 18, 'Five Hundred'),
	(396, 18, 'Freestyle'),
	(397, 18, 'GT'),
	(398, 23, 'Tucson'),
	(399, 3, 'DB9'),
	(400, 3, 'Vanquish S'),
	(401, 30, 'LR3'),
	(402, 34, 'Coupe'),
	(403, 34, 'Gran Sport'),
	(404, 34, 'GranSport'),
	(405, 34, 'Quattroporte'),
	(406, 35, '57S'),
	(407, 38, 'SLR McLaren'),
	(408, 39, 'Mariner'),
	(409, 39, 'Montego'),
	(410, 43, 'Armada'),
	(411, 45, 'Esperante'),
	(412, 48, 'Daewoo Kalos'),
	(413, 48, 'G6'),
	(414, 48, 'Montana SV6'),
	(415, 5, 'Arnage'),
	(416, 51, 'Phantom'),
	(417, 52, '9-2X'),
	(418, 52, '9-7X'),
	(419, 53, 'Relay'),
	(420, 54, 'tC'),
	(421, 56, 'C8'),
	(422, 58, 'Reno'),
	(423, 6, '330'),
	(424, 62, 'V50'),
	(425, 8, 'LaCrosse'),
	(426, 8, 'Terraza'),
	(427, 9, 'STS'),
	(428, 10, 'Express'),
	(429, 10, 'HHR'),
	(430, 10, 'HHR Panel'),
	(431, 10, 'Malibu Maxx'),
	(432, 10, 'Silverado 3500HD'),
	(433, 10, 'Silverado Hybrid'),
	(434, 10, 'Suburban'),
	(435, 11, 'Crossfire Roadster'),
	(436, 14, 'Charger'),
	(437, 14, 'Sprinter'),
	(438, 15, '612 Scaglietti'),
	(439, 15, 'F430'),
	(440, 15, 'F430 Spider'),
	(441, 18, 'E-350 Super Duty'),
	(442, 18, 'E-350 Super Duty Van'),
	(443, 18, 'F-250 Super Duty'),
	(444, 18, 'F-350 Super Duty'),
	(445, 18, 'Fusion'),
	(446, 19, 'Savana'),
	(447, 19, 'Savana Cargo Van'),
	(448, 19, 'Sierra 2500HD'),
	(449, 19, 'Sierra 3500HD'),
	(450, 19, 'Sierra Denali'),
	(451, 19, 'Sierra Hybrid'),
	(452, 19, 'Yukon XL'),
	(453, 21, 'Ridgeline'),
	(454, 22, 'H2 SUT'),
	(455, 22, 'H2 SUV'),
	(456, 22, 'H3'),
	(457, 23, 'Azera'),
	(458, 25, 'i-280'),
	(459, 25, 'i-350'),
	(460, 25, 'i-Series'),
	(461, 26, 'XJ'),
	(462, 26, 'XK'),
	(463, 27, 'Commander'),
	(464, 28, 'Spectra5'),
	(465, 3, 'DB9 Volante'),
	(466, 3, 'V8 Vantage'),
	(467, 3, 'Vantage'),
	(468, 30, 'Range Rover Sport'),
	(469, 31, 'RX Hybrid'),
	(470, 32, 'Mark LT'),
	(471, 32, 'Zephyr'),
	(472, 36, 'Mazda5'),
	(473, 36, 'Mazda6 5-Door'),
	(474, 36, 'Mazda6 Sport'),
	(475, 36, 'Mazdaspeed6'),
	(476, 38, 'CLS-Class'),
	(477, 38, 'G55 AMG'),
	(478, 38, 'R-Class'),
	(479, 38, 'SL65 AMG'),
	(480, 39, 'Milan'),
	(481, 4, 'A3'),
	(482, 41, 'Raider'),
	(483, 42, 'Aero 8'),
	(484, 43, '350Z Roadster'),
	(485, 46, '207'),
	(486, 48, 'Solstice'),
	(487, 48, 'Torrent'),
	(488, 49, 'Cayman'),
	(489, 5, 'Azure'),
	(490, 5, 'Continental Flying Spur'),
	(491, 5, 'Continental GT'),
	(492, 56, 'C8 Double 12 S'),
	(493, 57, 'B9 Tribeca'),
	(494, 57, 'Tribeca'),
	(495, 58, 'XL7'),
	(496, 6, '550'),
	(497, 6, '650'),
	(498, 6, '750'),
	(499, 6, 'M Roadster'),
	(500, 6, 'M6'),
	(501, 6, 'Z4 M'),
	(502, 60, 'Camry Solara'),
	(503, 60, 'Yaris'),
	(504, 61, 'Rabbit'),
	(505, 8, 'Lucerne'),
	(506, 9, 'CTS-V'),
	(507, 9, 'DTS'),
	(508, 9, 'STS-V'),
	(509, 9, 'XLR-V'),
	(510, 1, 'RDX'),
	(511, 10, 'Cobalt SS'),
	(512, 11, 'Aspen'),
	(513, 14, 'Caliber'),
	(514, 14, 'Nitro'),
	(515, 15, '599 GTB Fiorano'),
	(516, 17, 'Hemisfear'),
	(517, 18, 'Edge'),
	(518, 18, 'Expedition EL'),
	(519, 18, 'F-Series Super Duty'),
	(520, 18, 'GT500'),
	(521, 19, 'Acadia'),
	(522, 19, 'Sierra'),
	(523, 21, 'Fit'),
	(524, 23, 'Entourage'),
	(525, 23, 'Veracruz'),
	(526, 24, 'QX56'),
	(527, 25, 'i-290'),
	(528, 25, 'i-370'),
	(529, 27, 'Compass'),
	(530, 27, 'Patriot'),
	(531, 28, 'Carens'),
	(532, 28, 'Rondo'),
	(533, 32, 'MKX'),
	(534, 32, 'MKZ'),
	(535, 32, 'Navigator L'),
	(536, 36, 'CX-7'),
	(537, 36, 'CX-9'),
	(538, 36, 'Mazdaspeed 3'),
	(539, 38, 'GL-Class'),
	(540, 4, 'Q7'),
	(541, 4, 'RS 4'),
	(542, 4, 'RS4'),
	(543, 43, 'Versa'),
	(544, 48, 'G5'),
	(545, 5, 'Continental GTC'),
	(546, 53, 'Aura'),
	(547, 53, 'Outlook'),
	(548, 53, 'Sky'),
	(549, 58, 'SX4'),
	(550, 6, 'Alpina B7'),
	(551, 60, 'Camry Hybrid'),
	(552, 60, 'FJ Cruiser'),
	(553, 60, 'Highlander Hybrid'),
	(554, 60, 'TundraMax'),
	(555, 61, 'Eos'),
	(556, 15, '430 Scuderia'),
	(557, 18, 'F450'),
	(558, 18, 'Taurus X'),
	(559, 2, 'Typ-1'),
	(560, 24, 'EX'),
	(561, 24, 'G37'),
	(562, 28, 'Rio5'),
	(563, 29, 'Murciélago LP640'),
	(564, 29, 'Reventón'),
	(565, 3, 'DBS'),
	(566, 30, 'LR2'),
	(567, 31, 'IS F'),
	(568, 31, 'IS-F'),
	(569, 34, 'GranTurismo'),
	(570, 4, 'A5'),
	(571, 4, 'R8'),
	(572, 4, 'S5'),
	(573, 40, 'Clubman'),
	(574, 40, 'Cooper Clubman'),
	(575, 43, 'Rogue'),
	(576, 48, 'G8'),
	(577, 53, 'Astra'),
	(578, 54, 'xD'),
	(579, 55, 'Fortwo'),
	(580, 6, '1 Series'),
	(581, 6, 'X6'),
	(582, 61, 'GLI'),
	(583, 61, 'Touareg 2'),
	(584, 62, 'C30'),
	(585, 8, 'Enclave'),
	(586, 10, 'Traverse'),
	(587, 14, 'Journey'),
	(588, 15, 'California'),
	(589, 18, 'Flex'),
	(590, 2, '2e'),
	(591, 22, 'H3T'),
	(592, 23, 'Genesis'),
	(593, 26, 'XF'),
	(594, 28, 'Borrego'),
	(595, 28, 'Mohave/Borrego'),
	(596, 32, 'MKS'),
	(597, 35, 'Landaulet'),
	(598, 38, 'CL65 AMG'),
	(599, 38, 'SLK55 AMG'),
	(600, 4, 'Q5'),
	(601, 43, '370Z'),
	(602, 43, 'Cube'),
	(603, 43, 'GT-R'),
	(604, 48, 'G3'),
	(605, 5, 'Brooklands'),
	(606, 58, 'Equator'),
	(607, 6, 'Z4 M Roadster'),
	(608, 60, 'Venza'),
	(609, 61, 'CC'),
	(610, 61, 'Routan'),
	(611, 61, 'Tiguan'),
	(612, 62, 'XC60'),
	(613, 7, 'Veyron'),
	(614, 1, 'ZDX'),
	(615, 15, '458 Italia'),
	(616, 18, 'Transit Connect'),
	(617, 19, 'Terrain'),
	(618, 2, 'Type-1h'),
	(619, 21, 'Accord Crosstour'),
	(620, 23, 'Genesis Coupe'),
	(621, 28, 'Forte'),
	(622, 28, 'Soul'),
	(623, 3, 'Rapide'),
	(624, 30, 'Defender Ice Edition'),
	(625, 30, 'LR4'),
	(626, 31, 'HS'),
	(627, 31, 'LS Hybrid'),
	(628, 32, 'MKT'),
	(629, 33, 'Evora'),
	(630, 38, 'GLK-Class'),
	(631, 49, 'Panamera'),
	(632, 5, 'Azure T'),
	(633, 5, 'Continental Super'),
	(634, 51, 'Ghost'),
	(635, 57, 'Impreza WRX'),
	(636, 58, 'Kizashi'),
	(637, 59, 'Roadster'),
	(638, 6, 'X5 M'),
	(639, 6, 'X6 M'),
	(640, 10, 'Cruze'),
	(641, 10, 'Volt'),
	(642, 11, '200'),
	(643, 21, 'CR-Z'),
	(644, 23, 'Equus'),
	(645, 24, 'G25'),
	(646, 24, 'IPL G'),
	(647, 3, 'V12 Vantage'),
	(648, 3, 'V8 Vantage S'),
	(649, 3, 'Virage'),
	(650, 31, 'CT'),
	(651, 36, 'Mazda2'),
	(652, 38, 'SLS AMG'),
	(653, 38, 'SLS-Class'),
	(654, 38, 'Sprinter 2500'),
	(655, 38, 'Sprinter 3500'),
	(656, 40, 'Cooper Countryman'),
	(657, 40, 'Countryman'),
	(658, 41, 'Outlander Sport'),
	(659, 43, 'JUKE'),
	(660, 43, 'Leaf'),
	(661, 5, 'Mulsanne'),
	(662, 50, '1500'),
	(663, 52, '9-4X'),
	(664, 10, 'Sonic'),
	(665, 15, 'FF'),
	(666, 16, '500'),
	(667, 16, 'Nuova 500'),
	(668, 21, 'Crosstour'),
	(669, 21, 'FCX Clarity'),
	(670, 23, 'HED-5'),
	(671, 23, 'Veloster'),
	(672, 29, 'Aventador'),
	(673, 30, 'Range Rover Evoque'),
	(674, 31, 'LFA'),
	(675, 37, 'MP4-12C'),
	(676, 4, 'A7'),
	(677, 41, 'i-MiEV'),
	(678, 43, 'NV1500'),
	(679, 43, 'NV2500'),
	(680, 43, 'NV3500'),
	(681, 50, 'C/V'),
	(682, 54, 'iQ'),
	(683, 59, 'Model S'),
	(684, 60, 'Prius c'),
	(685, 60, 'Prius Plug-in'),
	(686, 60, 'Prius Plug-in Hybrid'),
	(687, 60, 'Prius v'),
	(688, 8, 'Verano');

	SET IDENTITY_INSERT CarModels OFF;
	
	SET IDENTITY_INSERT Specials ON;

	INSERT INTO Specials (SpecialId, Title, [Description])
	VALUES (1, 'Columbus Day Blowout!', 'In October of 1942, Christopher Columbus and his expedition reached land somewhere in the Bahamas that he called San Salvador. While he wasn''t even close to being the first person to set foot on the Americas, or even the first European to do so, we still remember that monumental day every year in October. Columbus Day may not be the biggest and most celebrated holiday in the country, but it is certainly one of the best holidays to find a great deal on a new car.'),
	(2, 'College Graduate Program', 'If you are a recent college graduate, you have places you want to go, which is why we are giving you $1,000 cash back when you purchase a new vehicle and finance with us.  No matter which model you choose, you can tell the world you have arrived - for less than you think!'),
	(3, 'All Electric Vehicles On Sale', 'All electric vehicles, from the new Teslas to the Nissan Leaf are on sale this month only!  Purchase a new electric vehicle today and we will install a charging port at your home for free!  Also, approved customers can enjoy up to $5000 cash back when they finance through us.  Come out today!');

	SET IDENTITY_INSERT Specials OFF;

	SET IDENTITY_INSERT Employees ON;

	INSERT INTO Employees (EmployeeId, FirstName, LastName, DepartmentID)
	VALUES (1, 'Drake', 'Hatfield', 1),
	(2, 'Steve', 'Clark', 2),
	(3, 'Jeff', 'Dehut', 2),
	(4, 'Morgan', 'Flethcher', 2);

	SET IDENTITY_INSERT Employees OFF;

	SET IDENTITY_INSERT Addresses ON;

	INSERT INTO Addresses (AddressId, StreetAddress1, StreetAddress2, City, StateId, ZipCode)
	VALUES (1, '7729 Rochelle Rd.', NULL, 'Louisville', 18, 40228),
	(2, '6401 Jacob School Rd.', NULL, 'Prospect', 18, 40059),
	(3, 'North Oldham High School', '1815 S. Hwy. 1793', 'Goshen', 18, 40026);

	SET IDENTITY_INSERT Addresses OFF;

	SET IDENTITY_INSERT Customers ON;

	INSERT INTO Customers (CustomerId, FirstName, LastName, Email, Phone, AddressId)
	VALUES (1, 'Donna', 'Ingram', NULL, '5029396585', 1),
	(2, 'Lacey', 'Holman', 'laceyedoyle@gmail.com', '5025720606', 2),
	(3, 'Craig', 'Wallace', 'craig.wallace@oldham.kyschools.us', NULL, 3),
	(4, 'Ramona', 'Josephine', 'romajodoyle@gmail.com', '5027515515', 2);

	SET IDENTITY_INSERT Customers OFF;

	SET IDENTITY_INSERT Contacts ON;

	INSERT INTO Contacts (ContactId, CustomerId, [Message])
	VALUES (1, 1, 'Can someone please call me?  I don''t know where I put my keys to my new car that I just bought from y''all.'),
	(2, 2, 'Hi.  If my mother-in-law, Donna Ingram, contacts you about losing her keys, please ignore her.  She''s lost it...her mind...not her keys.'),
	(3, 1, 'I''m still waiting on a call tyvm...!!!');

	SET IDENTITY_INSERT Contacts OFF;

	--INSERT INTO AspNetUsers (id, EmailConfirmed, PhoneNumberConfirmed, Email, EmployeeId, IsDisabled,  TwoFactorEnabled, LockoutEnabled, AccessFailedCount, UserName)
	--VALUES ('00000000-0000-0000-0000-000000000000', 0, 0, 'steve@guildcars.com', 2, 0, 0, 0, 0, 'steve@guildcars.com'),
	--('11111111-1111-1111-1111-111111111111', 0, 0, 'jeff@guildcars.com', 3, 0, 0, 0, 0, 'jeff@guildcars.com'),
	--('22222222-2222-2222-2222-222222222222', 0, 0, 'morgan@guildcars.com', 4, 1, 0, 0, 0, 'morgan@guildcars.com');

	SET IDENTITY_INSERT Vehicles ON;

	INSERT INTO Vehicles (VehicleId, VIN, ModelYear, ModelId, Mileage, TransmissionTypeId, BodyStyleId, ColorId, InteriorColorId, VehicleTypeId, [Description], ImageFileName, MSRP, SalePrice, EmployeeId, IsFeatured)
	VALUES (1, '00000000000000000', 2005, 8, 175267, 1, 2, 7, 4, 2, 'Awesome car with no engine troubles, despite the high mileage!', 'inventory-x-1.jpg', 7250, 6500, 1, 1),
	(2, '11111111111111111', 2018, 56, 236, 2, 1, 5, 1, 1, 'When you see the Dodge Viper SRT® your eyes open wider, your pupils dilate and your pulse begins to race. That’s exactly how it should be. Viper is the ultimate American Supercar.', 'inventory-x-2.jpg', 92125, 90000, 1, 1),
	(3, '22222222222222222', 2018, 56, 379, 2, 1, 5, 1, 1, 'When you see the Dodge Viper SRT® your eyes open wider, your pupils dilate and your pulse begins to race. That’s exactly how it should be. Viper is the ultimate American Supercar.', 'inventory-x-3.jpg', 92125, 90000, 1, 0),
	(4, '33333333333333333', 2008, 362, 132000, 1, 1, 1, 1, 2, 'Nice car. Runs great!', 'inventory-x-4.jpg', 8500, 8000, 1, 0),
	(5, '44444444444444444', 2018, 56, 379, 2, 1, 5, 1, 1, 'When you see the Dodge Viper SRT® your eyes open wider, your pupils dilate and your pulse begins to race. That’s exactly how it should be. Viper is the ultimate American Supercar.', 'inventory-x-3.jpg', 92125, 90000, 1, 1),
	(6, '55555555555555555', 2008, 362, 132000, 1, 1, 1, 1, 2, 'Nice car. Runs great!', 'inventory-x-4.jpg', 8500, 8000, 1, 1);

	SET IDENTITY_INSERT Vehicles OFF;

	SET IDENTITY_INSERT Purchases ON;

	DECLARE @PurchaseOneId int;
	DECLARE @PurchaseTwoId int;
	DECLARE @PurchaseThreeId int;


	INSERT INTO Purchases (PurchaseId, CustomerId, VehicleId, PurchaseDate, PurchasePrice, PurchaseTypeId, EmployeeId)
	VALUES (1, 1, 4, GETDATE(), 7200, 3, 3),
	(2, 2, 3, '2014-01-01', 89150, 2, 2),
	(3, 2, 5, GETDATE(), 89150, 2, 2);

	SET @PurchaseOneId = 4;
	SET @PurchaseTwoId = 3;
	SET @PurchaseThreeId = 5;


	UPDATE Vehicles SET
	IsSold = 1,
	IsFeatured = 0
	WHERE VehicleId = @PurchaseOneId OR VehicleId = @PurchaseTwoId OR VehicleId = @PurchaseThreeId;

	SET IDENTITY_INSERT Purchases OFF;

	

END